state,org,report,url,status,provenance,frequency,units,latest_known,verified,in_dataset
US,USDA Forest Service,"Cut-and-Sold reports (National Forest timber sales, all 9 regions)",https://www.fs.usda.gov/forestmanagement/products/cut-sold/,live,independent,Quarterly,$/MBF (derived value ÷ volume),,2026-06-25,usfs_cutsold
US,USDA Forest Service PNW Research Station,"Production, Prices, Employment & Trade in NW Forest Industries (1958–2023)",https://research.fs.usda.gov/pnw/products/dataandtools/tools/production-prices-employment-and-trade-northwest-forest-industries-all,live,independent,Annual,$/MBF Scribner,,2026-06-25,pnw
US,USDA Forest Service Southern Research Station,Timber Price Information and Contacts (Forest Economics & Policy),https://research.fs.usda.gov/srs/centers/fep,stale,independent,,,,2026-08-30,
US,ResourceWise (Forest2Market),Stumpage 360 / TimberMart-South commercial services,https://www.resourcewise.com/timber-prices/stumpage-prices,paywalled,commercial,,,,2026-06-25,
TX,Texas A&M Forest Service,Timber Price Trends,https://tfsweb.tamu.edu/forest-land/forest-industry-economics/timber-price-trends/,live,independent,Bimonthly,$/ton and $/MBF Doyle,Nov–Dec 2025,2026-06-25,
GA,Georgia Department of Revenue,Owner Harvest Timber Values,https://dor.georgia.gov/local-government-services/digest-compliance/owner-harvest-timber-values,live,independent,Annual,$/ton (weighted average of actual sale filings),2026,2026-06-25,
AR,University of Arkansas Cooperative Extension,Timber Price Report,https://www.uaex.uada.edu/environment-nature/forestry/timber-price-report.aspx,live,tms,Quarterly,$/ton,,2026-06-25,
NC,NC State Extension Forestry,Forestry Price Data,https://forestry.ces.ncsu.edu/forestry-price-data/,live,tms,Quarterly,$/ton,,2026-06-25,
MS,Mississippi State University Extension,Timber Prices,https://extension.msstate.edu/natural-resources/forestry/forest-economics/timber-prices,live,tms,Quarterly,$/ton,,2026-06-25,
SC,South Carolina Forestry Commission,Current Timber Price Report,https://www.scfc.gov/,live,tms,Quarterly,$/ton,,2026-06-25,
VA,Virginia Tech — Forest Landowner Education,Historic Virginia Timber Stumpage Prices,https://forestupdate.frec.vt.edu/resources/historic-virginia-timber-stumpage-prices.html,live,tms,Quarterly,$/ton,,2026-08-30,
AL,Alabama Forestry Commission / Auburn ACES,(no native price series — TMS-based commentary only),https://forestry.alabama.gov/,live,tms,,,,2026-06-25,
FL,UF/IFAS Florida Land Steward,Timber Price Update (narrative),https://programs.ifas.ufl.edu/florida-land-steward/,live,tms,Irregular,,,2026-06-25,
TN,Tennessee Division of Forestry,Forest Products Bulletin,https://www.tn.gov/agriculture/businesses/business-development/forest-products/tfpb.html,dead,independent,,,2017 (archive),2026-08-30,
LA,"Louisiana Dept. of Agriculture & Forestry, Office of Forestry",Quarterly Report of Forest Products,https://www.ldaf.la.gov/land/forestry/forestry-reports,live,independent,Quarterly,"$/ton and $/MBF, by five reporting areas",Q1 2026,2026-08-30,
LA,LSU AgCenter,Louisiana Stumpage Report / Timber Tales newsletter,https://www.lsuagcenter.com/articles/page1685631054382,live,tms,Quarterly,$/ton,Timber Tales Vol. 26 No. 1 (2026),2026-08-30,
OK,Oklahoma State University Extension,Oklahoma Timber Price Report,https://extension.okstate.edu/topics/environment-and-natural-resources/forestry,live,independent,Annual,$/ton,2025 report (2026 outlook),2026-08-30,
MI,Michigan DNR (Forest Management),State Forest Stumpage Price Reports,https://www2.dnr.state.mi.us/ftp/forestry/tsreports/StumpagePriceReports/,live,independent,Quarterly,"$/MBF (Scribner & International ¼″, varies by unit) + $/cord",Q1 2026,2026-06-25,mi_dnr
MO,Missouri Department of Conservation,Timber Price Trends,https://research.mdc.mo.gov/,live,independent,Quarterly (rolling 12-month),$/MBF Doyle and International ¼″,Oct–Dec 2025,2026-06-25,
KY,Kentucky Division of Forestry,Delivered Log Price Report,https://eec.ky.gov/Natural-Resources/Forestry/resource-utilization-and-marketing/,live,independent,Semi-annual,"$/MBF (DELIVERED, not stumpage)",Jan 2026 (H2 2025),2026-06-25,
OH,OSU Extension + Ohio Division of Forestry,Ohio Timber Price Report,https://woodlandstewards.osu.edu/ohio-timber-price-report,live,independent,Semi-annual,$/MBF Doyle (stumpage + delivered),Jan 2026,2026-06-25,
IL,Illinois DNR / Illinois Dept. of Agriculture,Illinois Timber Prices,https://dnr.illinois.gov/conservation/forestry/illinois-timber-prices.html,live,independent,Semi-annual,$/MBF Doyle (stumpage + FOB-mill),Spring–Summer 2025,2026-06-25,
MN,Minnesota DNR,Public Stumpage Price Review & Price Index,https://www.dnr.state.mn.us/forestry/timbersales/stumpage.html,stale,independent,Annual,$/cord and $/MBF,2021,2026-08-30,
IN,Indiana DNR Division of Forestry,Indiana Forest Products Price Report and Trend Analysis,https://secure.in.gov/dnr/forestry/forestry-publications-and-presentations/,stale,independent,Semi-annual (nominal),$/MBF Doyle,Spring 2020,2026-08-30,
WI,Wisconsin DNR,FCL/MFL Stumpage Rates,https://dnr.wisconsin.gov/,live,tax,Annual,$/cord and $/MBF,RY2026,2026-06-25,
MI,Forest Data Network,FDN Prime (WI/MI/MN stumpage database),https://forestdatanetwork.com/,paywalled,commercial,,,,2026-06-25,
IN,Indiana Woodland Steward,Indiana Consulting Foresters Stumpage Timber Price Report,https://www.inwoodlands.org/forest-inventory-programs/,live,independent,Annual,,2025,2026-08-30,
NE,Nebraska Forest Service,Timber Talk,https://nfs.unl.edu/timber-talk,stale,independent,"Quarterly (March, June, September, December)",$/MBF mill prices by species and grade,December 2025,2026-08-30,
PA,Penn State Extension,PA Woodlands Timber Market Report,https://extension.psu.edu/timber-market-report-archives,live,independent,Quarterly,$/MBF Doyle (stumpage + delivered),Q1 2026,2026-06-25,
ME,Maine Forest Service (DACF),"Stumpage Price Reports (annual, county-level)",https://www.maine.gov/dacf/mfs/publications/annual_reports.html,live,independent,Annual,"$/MBF, $/cord, $/ton by product",2024 data (published Dec 2025),2026-06-25,
NY,NYS Department of Environmental Conservation,Stumpage Price Report,https://dec.ny.gov/nature/forests-trees/private-forest-management/stumpage-price-reports,live,independent,Semi-annual,$/MBF (Doyle & International) sawtimber; $/cord pulp,Winter 2025 (#106),2026-06-25,
VT,"VT Department of Forests, Parks & Recreation",Stumpage Price Reports,https://fpr.vermont.gov/stumpage-price-reports,stale,independent,Quarterly (nominal),$/MBF International sawtimber; $/cord pulp/firewood,2023 Q3,2026-08-30,
NH,NH Department of Revenue Administration,Average Stumpage Value Information,https://www.revenue.nh.gov/taxes-glance/timber-tax/average-stumpage-value-information,live,tax,Semi-annual,"$/MBF, $/cord, $/ton (suggested low–high)",Oct 2025–Mar 2026,2026-06-25,
WV,WVU Appalachian Hardwood Center + WV Division of Forestry,West Virginia Timber Prices (interactive tool),https://timberprices.wvu.edu/,live,independent,Semi-annual,$/MBF Doyle,Jan 2026,2026-06-25,
MA,UMass MassWoods,Southern New England Stumpage Survey (MA/CT/RI),https://masswoods.org/southern-new-england-stumpage-survey,live,independent,Quarterly,"$/MBF, $/cord, $/ton (median + range)",Q1 2026,2026-06-25,
CT,UMass MassWoods,Southern New England Stumpage Survey (MA/CT/RI),https://masswoods.org/southern-new-england-stumpage-survey,live,independent,Quarterly,"$/MBF, $/cord, $/ton (median + range)",,2026-06-25,
RI,UMass MassWoods,Southern New England Stumpage Survey (MA/CT/RI),https://masswoods.org/southern-new-england-stumpage-survey,live,independent,Quarterly,"$/MBF, $/cord, $/ton (median + range)",,2026-06-25,
MD,University of Maryland Extension,Maryland/Delaware Stumpage Price Report,https://extension.umd.edu/resource/timber-market-resources,dead,independent,Biannual (while published),,Mid-2006 (archive),2026-08-30,
DE,University of Maryland Extension,Maryland/Delaware Stumpage Price Report,https://extension.umd.edu/resource/timber-market-resources,dead,independent,Biannual (while published),,Mid-2006 (archive),2026-08-30,
OR,Oregon Department of Forestry,State-Forest Timber Sale Results,https://apps.odf.oregon.gov/Divisions/management/asset_management/saleresults.asp,live,independent,Rolling (~3-year window),$/MBF Scribner (winning auction bids),,2026-06-25,or_odf
OR,Oregon Department of Forestry,Third-Party Log Prices (open data),https://data.oregon.gov/Natural-Resources/Third-Party-Log-Prices/fttw-7ukt,stale,independent,,$/MBF pond (delivered),,2026-06-25,
WA,Washington Department of Revenue,Stumpage Value Determination Tables,https://dor.wa.gov/taxes-rates/other-taxes/forest-tax/stumpage-value-determination-tables,live,tax,Semi-annual,$/MBF,2026 H1,2026-06-25,
WA,Washington DNR,Timber Auction Results / Bid Records,https://www.dnr.wa.gov/programs-and-services/product-sales-and-leasing/timber-sales/timber-auction-results,live,independent,Monthly auctions,$/MBF Scribner (realized bids),,2026-06-25,
MT,University of Montana BBER,Quarterly Log Prices (delivered),https://www.bber.umt.edu/fir/F_LogPrice.asp,live,independent,Quarterly,$/MBF Scribner (mill-DELIVERED),,2026-06-25,mt_bber
MT,Montana DNRC,Trust-Land Timber Sale Bid Results,https://dnrc.mt.gov/Forestry/Forest-Products/timber-sales,live,independent,Per sale (FY2023→),"$/ton (winning bids, volume-weighted)",,2026-06-25,mt_dnrc
CA,California CDTFA,Timber Yield Tax — Harvest Value Schedules,https://www.cdtfa.ca.gov/taxes-and-fees/timber-yield-tax/harvest-value-and-statistics.htm,live,tax,Semi-annual,$/MBF net Scribner,2026 H1,2026-06-25,
ID,Idaho Department of Lands,Endowment Timber Sales (+ monthly Land Board sale reports),https://www.idl.idaho.gov/about-forestry/endowment-timber-sales/,live,independent,Annual (FY) + monthly sale reports,$/MBF Scribner (auction),,2026-06-25,
AK,Alaska DNR Division of Forestry,Timber Sales,https://forestry.alaska.gov/timber/,live,independent,,$/MBF Scribner long-log,,2026-06-25,
INTL,BC Ministry of Forests (Canada),Interior & Coast Log Market Reports,https://www2.gov.bc.ca/gov/content/industry/forestry/competitive-forest-industry/timber-pricing/interior-timber-pricing/interior-log-market-reports,live,independent,Rolling 3-month,C$/m³,3 months ending 2026-01-31 (Interior),2026-08-30,
INTL,UN Economic Commission for Europe / FAO,Forest Products Annual Market Review,https://unece.org/forests/forest-products-annual-market-review,stale,independent,Annual (November),,2023—2024 (Nov 2024),2026-08-30,
